n,epsilon,minimax_beta_master,worst_type_i,worst_type_i_s,worst_type_ii,worst_type_ii_t,reverse_beta,reverse_order,reverse_D,reverse_s,reverse_t,forward_beta,forward_order,forward_D,forward_s,forward_t,converse_max,converse_winner,minimax_minus_converse,separator_null_violation,separator_alternative_violation,dense_null_violation,dense_alternative_violation
1,0.8673464006744896,0.09477249841803408,0.8673464006744898,0.0024076366639015356,0.09477249841803409,0.009607359798384785,0.004746538823659021,1.2240648271334218,0.11632479397293032,0.0,0.6621510950046016,0.09477249841803409,inf,0.3362619481207927,,,0.09477249841803409,forward,-1.3877787807814457e-17,1.1102230246251565e-16,1.3877787807814457e-17,2.220446049250313e-16,1.3877787807814457e-17
2,0.7522897787629923,0.12643593080108048,0.7522897787629925,0.005411745017609493,0.12643593080108056,0.5490085701647803,0.009470548016513541,1.2240648271334218,0.11632479397293032,0.0,0.6621510950046016,0.12643593080108045,inf,0.3362619481207927,,,0.12643593080108045,forward,2.7755575615628914e-17,2.220446049250313e-16,8.326672684688674e-17,2.220446049250313e-16,8.326672684688674e-17
3,0.6524958318742895,0.13015910101065808,0.6524958318742896,0.0,0.13015910101065808,0.7508575696538564,0.014172134516330852,1.2240648271334218,0.11632479397293032,0.0,0.6621510950046016,0.126721379622188,inf,0.3362619481207927,,,0.126721379622188,forward,0.003437721388470094,1.1102230246251565e-16,0.0,1.1102230246251565e-16,-4.8679393849226926e-11
4,0.565939911231272,0.16454411871262456,0.5659399112312717,0.0,0.16454411873312536,0.37029735751753157,0.018851404753293992,1.2240648271334218,0.11632479397293032,0.0,0.6621510950046016,0.1262513573756721,3.6963783888794435,0.23134803515844116,0.0,0.46098928751711277,0.1262513573756721,forward,0.03829276133695245,-2.220446049250313e-16,2.0500795505640212e-11,-2.220446049250313e-16,2.0421081492472126e-11
5,0.49086594500448394,0.17634964499919067,0.49086594500448405,0.0,0.17634964517747267,0.38403399884154166,0.023508464652410993,1.2240648271334218,0.11632479397293032,0.0,0.6621510950046016,0.12874506556515755,2.7828071712355693,0.19924722340055925,0.0,0.4817370709533943,0.12874506556515755,forward,0.04760457943403312,1.1102230246251565e-16,1.7828200027381058e-10,5.551115123125783e-17,1.2234147028777898e-10
6,0.4257508106133211,0.1967520252623602,0.4257508106133211,0.0,0.19675202566936392,0.16931889894723717,0.028143419635912728,1.2240648271334218,0.11632479397293032,0.0,0.6621510950046016,0.1300243120951826,2.3462050089165656,0.17888347317384165,0.0,0.4950775736783048,0.1300243120951826,forward,0.0667277131671776,0.0,4.070037362691181e-10,0.0,4.04777572571291e-10
7,0.3692734331697104,0.21064107211177593,0.36927343316971023,0.0,0.2106410722818434,0.3840339973451191,0.032756374625639365,1.2240648271334218,0.11632479397293032,0.0,0.6621510950046016,0.1301029493498809,2.075940860237505,0.1643132938381182,0.0,0.5048010808181432,0.1301029493498809,forward,0.08053812276189504,-1.6653345369377348e-16,1.7006746011460905e-10,-1.1102230246251565e-16,1.1670769906046985e-10
8,0.32028798312446,0.2253612596020094,0.3202879831244601,0.0,0.22536125994576056,0.7031134909234742,0.03734743404541547,1.2240648271334218,0.11632479397293032,0.0,0.6621510950046016,0.1291653015289645,1.8884253134979438,0.15325034229341644,0.0,0.512315116782074,0.1291653015289645,forward,0.0961959580730449,1.1102230246251565e-16,3.4375116642060277e-10,1.1102230246251565e-16,3.3976155222603666e-10
9,0.2778006293422921,0.23954058300295633,0.2778006293422935,0.0,0.23954058300301484,0.594078157390338,0.04191670182341388,1.2240648271334218,0.11632479397293032,0.0,0.6621510950046016,0.12739450924744153,1.7494441386070292,0.14452800223015436,0.0,0.5183330101952042,0.12739450924744153,forward,0.1121460737555148,1.3877787807814457e-15,5.850875339774575e-14,1.3322676295501878e-15,2.7755575615628914e-16
10,0.24094937596514507,0.25146402325539263,0.2409493759651453,0.0,0.2514640234275142,0.6658934871410077,0.04646428139450833,1.2240648271334218,0.11632479397293032,0.0,0.6621510950046016,0.12494861721284915,1.6418691946150632,0.13746596724124324,0.0,0.5232727646909587,0.12494861721284915,forward,0.12651540604254347,2.220446049250313e-16,1.721215947547705e-10,2.220446049250313e-16,1.7161477794402913e-10
11,0.20898657398813297,0.26469227070394935,0.20898657398813297,0.0,0.2646922710005673,0.6204541069348449,0.050990275702614905,1.2240648271334218,0.11632479397293032,0.0,0.6621510950046016,0.12196041163570571,1.5560049340215318,0.13163335469287346,0.0,0.5274017583031161,0.12196041163570571,forward,0.14273185906824365,0.0,2.966179524221957e-10,0.0,2.5499319322719316e-10
12,0.18126375273790002,0.27699800744714587,0.1812637527378987,0.0,0.2769980074471481,0.6564773581589189,0.05549478720302238,1.2240648271334218,0.11632479397293032,0.0,0.6621510950046016,0.11854131518377768,1.4858821059742935,0.12674098035975404,0.0,0.5309016566150263,0.11854131518377768,forward,0.15845669226336817,-1.3322676295501878e-15,2.220446049250313e-15,-1.3322676295501878e-15,-1.2212453270876722e-15
13,0.15721846350996826,0.28611072433269175,0.15721846350996865,0.0,0.2861107247681123,0.9438375396579042,0.05997791786471156,1.2240648271334218,0.11632479397293032,0.0,0.6621510950046016,0.11478533295290451,1.427592671553381,0.12258612722428637,0.0,0.5339013902744427,0.11478533295290451,forward,0.17132539137978725,3.885780586188048e-16,4.3542053296263816e-10,3.885780586188048e-16,4.2975500935682476e-10
14,0.13636286844494455,0.2979944029135374,0.13636286844494458,0.0,0.29799440316980025,0.6205153729888297,0.0644397691726635,1.2240648271334218,0.11632479397293032,0.0,0.6621510950046016,0.11077229033532529,1.3784542861274927,0.11902171865313783,0.0,0.5364957440282385,0.11077229033532529,forward,0.1872221125782121,2.7755575615628914e-17,2.562628442781545e-10,2.7755575615628914e-17,2.401203125224072e-10
15,0.11827384313137164,0.3090356545292877,0.11827384313137154,0.0,0.3090356546512147,0.6205153705960753,0.06888044213015686,1.2240648271334218,0.11632479397293032,0.0,0.6621510950046016,0.10657034911891482,1.336555783043274,0.11593803972695076,0.0,0.5387563057504398,0.10657034911891482,forward,0.2024653054103729,-9.71445146547012e-17,1.2192696852153517e-10,-9.71445146547012e-17,1.142484995497739e-10
16,0.10258439213393437,0.31734681223680866,0.10258439213393367,0.0,0.3173468122952524,0.6205153738557548,0.07330003726105427,1.2240648271334218,0.11632479397293032,0.0,0.6621510950046016,0.10223794004384873,1.3004931974881075,0.113251318151682,0.0,0.5407383962833965,0.10223794004384873,forward,0.21510887219295993,-7.077671781985373e-16,5.844374983965395e-11,-7.355227538141662e-16,5.476197273424077e-11
17,0.0889762032827484,0.3267143320544076,0.08897620328274895,0.0,0.3267143322628254,0.6205153718216583,0.07769865461207805,1.2240648271334218,0.11632479397293032,0.0,0.6621510950046016,0.09782525470152188,1.269208763140973,0.11089632690233611,0.0,0.5424855847959182,0.09782525470152188,forward,0.22888907735288572,5.551115123125783e-16,2.084178385430846e-10,5.828670879282072e-16,1.9529061701106798e-10
18,0.07717318966297355,0.3370741796576481,0.07717318966297368,0.0,0.3370741799504645,0.6205153725369132,0.08207639375507478,1.2240648271334218,0.11632479397293032,0.0,0.6621510950046016,0.09337541249641566,1.2418882118400372,0.10882140833178654,0.0,0.544032751968399,0.09337541249641566,forward,0.2436987671612324,1.249000902703301e-16,2.928164377635767e-10,1.249000902703301e-16,2.7437208061087404e-10
19,0.06693588828274982,0.34513935597190404,0.0669358882827492,0.0,0.34513935608318896,0.6205153706307028,0.0864333537892694,1.2240648271334218,0.11632479397293032,0.0,0.6621510950046016,0.08892538966058863,1.2178933066572764,0.10698506173267726,0.0,0.5454082083038061,0.08892538966058863,forward,0.25621396631131543,-6.245004513516506e-16,1.1128492571899073e-10,-5.967448757360216e-16,1.0427703145410305e-10
20,0.05805660177799282,0.3518659841346026,0.05805660177799282,0.0,0.3518659842340984,0.6205153733195508,0.09076963334350861,1.2240648271334218,0.11632479397293032,0.0,0.6621510950046016,0.08450677387688454,1.1967156067126652,0.10535350170121481,0.0,0.5466352065522353,0.09076963334350861,reverse,0.261096350791094,0.0,9.949574497625235e-11,6.938893903907228e-18,9.322803640188226e-11
21,0.05035518458753424,0.36190345595796136,0.050355184587534074,0.0,0.361903456206107,0.6205153714424418,0.09508533057849337,1.2240648271334218,0.11632479397293032,0.0,0.6621510950046016,0.08014639040186121,1.1779446105573141,0.10389892536593355,0.0,0.5477331080395271,0.09508533057849337,reverse,0.266818125379468,-1.6653345369377348e-16,2.4814561516706135e-10,-1.8041124150158794e-16,2.3251756076092533e-10
22,0.043675388107297375,0.3699513270576789,0.04367538810729735,0.0,0.3699513272849917,0.6205153723093164,0.09938054318900112,1.2240648271334218,0.11632479397293032,0.0,0.6621510950046016,0.07586683264587961,1.1612446670397296,0.10259820940926113,0.0,0.548718082217898,0.09938054318900112,reverse,0.2705707838686778,-2.7755575615628914e-17,2.2731277971033137e-10,-2.7755575615628914e-17,2.1299501051785796e-10
23,0.03788169067292578,0.37594488418990685,0.03788169067292635,0.0,0.37594488424837813,0.6205153691023444,0.10365536840609722,1.2240648271334218,0.11632479397293032,0.0,0.6621510950046016,0.07168692079969423,1.1463386143621457,0.10143196996559692,0.0,0.5496038326223921,0.10365536840609722,reverse,0.2722895157838096,5.689893001203927e-16,5.847128337066465e-11,5.551115123125783e-16,5.47897283098564e-11
24,0.03285654805662656,0.38404797257263273,0.032856548056626675,0.0,0.3840479728068805,0.620515371750479,0.10790990299933602,1.2240648271334218,0.11632479397293032,0.0,0.6621510950046016,0.06762210533584169,1.132995066927392,0.1003838021363783,0.0,0.5504020341809589,0.10790990299933602,reverse,0.27613806957329673,1.1796119636642288e-16,2.342477878336524e-10,1.249000902703301e-16,2.1949397854825747e-10
25,0.028498008695503448,0.39220744690694026,0.02849800869550538,0.0,0.3922074471564164,0.6205153709604028,0.11214424327895142,1.2240648271334218,0.11632479397293032,0.0,0.6621510950046016,0.06368482734069662,1.1210194320672373,0.09943974074505679,0.0,0.5511226917438791,0.11214424327895142,reverse,0.28006320362798887,1.932481952238163e-15,2.4947616195092337e-10,1.925543058334256e-15,2.3376445223988185e-10
